"hitahJ","2020-07-23 15:22:47","36.8522494","127.1502848"
"hitahJ","2020-07-23 15:23:54","36.85225","127.150281"
"hitahJ","2020-07-23 15:24:54","36.8522484","127.1502819"
"hitahJ","2020-07-23 15:26:40","36.8522504","127.1502847"
"hitahJ","2020-07-23 15:26:58","36.8522504","127.1502847"
"hitahJ","2020-07-23 15:27:40","36.8522515","127.1502933"
"hitahJ","2020-07-23 15:27:58","36.8522515","127.1502933"
"hitahJ","2020-07-23 15:28:10","36.8522524","127.1502949"
"hitahJ","2020-07-23 15:28:24","36.8522524","127.1502949"
"hitahJ","2020-07-23 15:29:00","36.8522549","127.150301"
"hitahJ","2020-07-23 15:30:02","36.8522479","127.1502825"
"hitahJ","2020-07-23 15:30:33","36.8522484","127.1502896"
"hitahJ","2020-07-23 15:31:33","36.8522536","127.1502942"
"hitahJ","2020-07-23 15:31:40","36.8522536","127.1502942"
"hitahJ","2020-07-23 15:32:16","36.8522541","127.1502981"
"hitahJ","2020-07-23 15:33:42","36.8522493","127.1502832"
"hitahJ","2020-07-23 15:34:42","36.8522509","127.1502861"
"hitahJ","2020-07-23 15:35:43","36.8522499","127.150283"
"hitahJ","2020-07-23 15:37:00","36.8522509","127.1502857"
"hitahJ","2020-07-23 15:38:38","36.8522515","127.1502811"
"hitahJ","2020-07-23 15:49:11","36.8522498","127.1502821"
"hitahJ","2020-07-23 15:50:11","36.8522511","127.1502849"
"hitahJ","2020-07-23 15:51:11","36.8522497","127.1502878"
"hitahJ","2020-07-23 15:52:13","36.8522473","127.1502842"
"hitahJ","2020-07-23 15:54:03","36.8522496","127.1502875"
"hitahJ","2020-07-23 15:55:21","36.8522495","127.1502847"
"hitahJ","2020-07-23 15:56:51","36.8522494","127.1502835"
"hitahJ","2020-07-23 15:57:51","36.8522483","127.1502823"
"hitahJ","2020-07-23 15:58:53","36.8522506","127.1502835"
"hitahJ","2020-07-23 15:59:54","36.8522513","127.1502941"
"hitahJ","2020-07-23 16:01:41","36.8522487","127.1502822"
"hitahJ","2020-07-23 16:03:41","36.8522502","127.1502797"
"hitahJ","2020-07-23 16:04:40","36.8522493","127.1502832"
"hitahJ","2020-07-23 16:05:41","36.8522506","127.1502901"
"hitahJ","2020-07-23 16:06:41","36.8522513","127.1502922"
"hitahJ","2020-07-23 16:07:41","36.8522506","127.1502831"
"hitahJ","2020-07-23 16:08:41","36.8522515","127.15029"
"hitahJ","2020-07-23 16:09:42","36.8522493","127.1502873"
"hitahJ","2020-07-23 16:10:41","36.8522505","127.1502821"
"hitahJ","2020-07-23 16:12:36","36.8522491","127.1502817"
"hitahJ","2020-07-23 16:14:03","36.8522491","127.1502844"
"hitahJ","2020-07-23 16:16:02","36.8522486","127.1502879"
"hitahJ","2020-07-23 16:17:02","36.8522461","127.1502808"
"hitahJ","2020-07-23 16:18:02","36.8522491","127.1502881"
"hitahJ","2020-07-23 16:20:01","36.852251","127.1502858"
"hitahJ","2020-07-23 16:21:03","36.8522489","127.150285"
"hitahJ","2020-07-23 16:22:03","36.8522489","127.1502882"
"hitahJ","2020-07-23 16:23:03","36.8522493","127.1502868"
"hitahJ","2020-07-23 16:24:03","36.8522493","127.1502877"
"hitahJ","2020-07-23 16:26:03","36.8522496","127.1502868"
"hitahJ","2020-07-23 16:27:03","36.8522461","127.1502823"
"hitahJ","2020-07-23 16:28:03","36.8522488","127.1502924"
"hitahJ","2020-07-23 16:29:03","36.8522469","127.1502843"
"hitahJ","2020-07-23 16:31:03","36.8522514","127.1502976"
"hitahJ","2020-07-23 16:32:05","36.8522667","127.1503259"
"hitahJ","2020-07-23 16:33:10","36.8522595","127.1502713"
"hitahJ","2020-07-23 16:35:03","36.852252","127.1502824"
"hitahJ","2020-07-23 16:36:04","36.8522493","127.1502811"
"hitahJ","2020-07-23 16:37:04","36.8522495","127.1502808"
"hitahJ","2020-07-23 16:38:41","36.85225","127.150291"
"hitahJ","2020-07-23 16:39:46","36.8522507","127.1502883"
"hitahJ","2020-07-23 16:40:48","36.8522534","127.1502923"
"hitahJ","2020-07-23 16:41:50","36.8522507","127.1502908"
"hitahJ","2020-07-23 16:42:59","36.8522542","127.1502899"
"hitahJ","2020-07-23 16:44:46","36.8522547","127.1502912"
"hitahJ","2020-07-23 16:45:48","36.8522534","127.1502877"
"hitahJ","2020-07-23 16:46:49","36.8522539","127.1502885"
"hitahJ","2020-07-23 16:47:51","36.8522499","127.1502874"
"hitahJ","2020-07-23 16:48:52","36.8522502","127.1502854"
"hitahJ","2020-07-23 16:49:56","36.8522875","127.1501831"
"hitahJ","2020-07-23 16:51:39","36.8522839","127.1502219"
"hitahJ","2020-07-23 16:52:36","36.8520656","127.1501583"
"hitahJ","2020-07-23 16:53:37","36.8512692","127.1495339"
"hitahJ","2020-07-23 16:54:37","36.8521326","127.1506262"
"hitahJ","2020-07-23 16:55:39","36.8508828","127.1512329"
"hitahJ","2020-07-23 16:56:45","36.8507673","127.1521159"
"hitahJ","2020-07-23 16:57:41","36.8505526","127.153212"
"hitahJ","2020-07-23 16:58:43","36.8502724","127.153629"
"hitahJ","2020-07-23 16:59:43","36.8491822","127.154166"
"hitahJ","2020-07-23 17:00:47","36.8500526","127.1552077"
"hitahJ","2020-07-23 17:01:49","36.8492456","127.1551756"
"hitahJ","2020-07-23 17:03:54","36.8489468","127.1550327"
"hitahJ","2020-07-23 17:04:55","36.8489475","127.1550523"
"hitahJ","2020-07-23 17:06:55","36.848957","127.1549894"
"hitahJ","2020-07-23 17:07:59","36.8489494","127.1549968"
"hitahJ","2020-07-23 17:08:59","36.8489203","127.1550471"
"hitahJ","2020-07-23 17:10:00","36.8489819","127.1549915"
"hitahJ","2020-07-23 17:11:01","36.8490238","127.1550558"
"hitahJ","2020-07-23 17:12:03","36.8489531","127.1550275"
"hitahJ","2020-07-23 17:14:04","36.848859","127.1550448"
"hitahJ","2020-07-23 17:15:03","36.8430905","127.1530005"
"hitahJ","2020-07-23 17:16:04","36.8459369","127.1534962"
"hitahJ","2020-07-23 17:17:04","36.8351116","127.1504817"
"hitahJ","2020-07-23 17:18:06","36.832432","127.1520969"
"hitahJ","2020-07-23 17:19:14","36.8324146","127.1518375"
"hitahJ","2020-07-23 17:20:19","36.8298865","127.1518806"
"hitahJ","2020-07-23 17:21:20","36.8286125","127.1523174"
"hitahJ","2020-07-23 17:22:39","36.8270906","127.1523409"
"hitahJ","2020-07-23 17:23:46","36.8231087","127.1525566"
"hitahJ","2020-07-23 17:25:26","36.8197715","127.1517325"
"hitahJ","2020-07-23 17:26:25","36.8187235","127.153007"
"hitahJ","2020-07-23 17:27:45","36.8188568","127.1555928"
"hitahJ","2020-07-23 17:28:49","36.818798","127.1549179"
"hitahJ","2020-07-23 17:29:48","36.8186025","127.1534962"
"hitahJ","2020-07-23 17:31:53","36.8191513","127.1542506"
"hitahJ","2020-07-23 17:31:55","36.8191309","127.1542851"
"hitahJ","2020-07-23 17:33:02","36.8192249","127.1544459"
"hitahJ","2020-07-23 17:34:10","36.8192527","127.1544393"
"hitahJ","2020-07-23 17:35:17","36.8191773","127.1544671"
"hitahJ","2020-07-23 17:36:18","36.8192395","127.154445"
"hitahJ","2020-07-23 17:37:19","36.8192147","127.1544594"
"hitahJ","2020-07-23 17:38:55","36.8191197","127.1544283"
"hitahJ","2020-07-23 17:39:59","36.8192086","127.1544567"
"hitahJ","2020-07-23 17:40:59","36.8191928","127.1544402"
"hitahJ","2020-07-23 17:42:03","36.8192494","127.1544554"
"hitahJ","2020-07-23 17:43:29","36.8192291","127.1544243"
"hitahJ","2020-07-23 17:44:50","36.8192107","127.1544171"
"hitahJ","2020-07-23 17:46:25","36.8192298","127.1544227"
"hitahJ","2020-07-23 17:47:43","36.8192346","127.1544171"
"hitahJ","2020-07-23 17:48:50","36.819198","127.1544293"
"hitahJ","2020-07-23 17:49:52","36.8192455","127.1544593"
"hitahJ","2020-07-23 17:51:39","36.8192468","127.1544135"
"hitahJ","2020-07-23 17:53:03","36.819059","127.1543593"
"hitahJ","2020-07-23 17:54:17","36.8193451","127.1541402"
"hitahJ","2020-07-23 17:56:09","36.8195648","127.1542077"
"hitahJ","2020-07-23 17:57:10","36.8194831","127.1541227"
"hitahJ","2020-07-23 17:58:09","36.8193646","127.1543365"
"hitahJ","2020-07-23 17:59:09","36.8195617","127.1545416"
"hitahJ","2020-07-23 18:00:12","36.8195649","127.1542327"
"hitahJ","2020-07-23 18:02:04","36.8203837","127.1567092"
"hitahJ","2020-07-23 18:04:06","36.819675","127.1581009"
"hitahJ","2020-07-23 18:05:06","36.8189591","127.1583623"
"hitahJ","2020-07-23 18:06:06","36.8212019","127.1624482"
"hitahJ","2020-07-23 18:07:07","36.8210818","127.1621475"
"hitahJ","2020-07-23 18:08:08","36.8213545","127.1630704"
"hitahJ","2020-07-23 18:09:08","36.8247026","127.1642936"
"hitahJ","2020-07-23 18:11:08","36.8192099","127.1662223"
"hitahJ","2020-07-23 18:12:08","36.8061969","127.1652177"
"hitahJ","2020-07-23 18:14:10","36.7847792","127.1729194"
"hitahJ","2020-07-23 18:15:09","36.7749757","127.1782766"
"hitahJ","2020-07-23 18:16:45","36.766247","127.2039862"
"hitahJ","2020-07-23 18:17:44","36.7622762","127.2140306"
"hitahJ","2020-07-23 18:19:45","36.7441568","127.2341688"
"hitahJ","2020-07-23 18:20:45","36.7403974","127.2468807"
"hitahJ","2020-07-23 18:21:51","36.7314956","127.2712946"
"hitahJ","2020-07-23 18:22:50","36.7325278","127.2756414"
"hitahJ","2020-07-23 18:23:51","36.73078","127.2963687"
"hitahJ","2020-07-23 18:24:51","36.7269211","127.3077328"
"hitahJ","2020-07-23 18:25:52","36.7246196","127.3164217"
"hitahJ","2020-07-23 18:26:52","36.7211895","127.3297872"
"hitahJ","2020-07-23 18:27:52","36.712774","127.3488287"
"hitahJ","2020-07-23 18:28:52","36.7040022","127.3648597"
"hitahJ","2020-07-23 18:29:53","36.6917206","127.3555087"
"hitahJ","2020-07-23 18:30:53","36.6827455","127.3665294"
"hitahJ","2020-07-23 18:31:53","36.6749743","127.3718722"
"hitahJ","2020-07-23 18:32:59","36.6552538","127.371299"
"hitahJ","2020-07-23 18:34:13","36.6459196","127.380733"
"hitahJ","2020-07-23 18:35:19","36.6310424","127.3813965"
"hitahJ","2020-07-23 18:36:19","36.6209694","127.385895"
"hitahJ","2020-07-23 18:37:19","36.6136908","127.3962434"
"hitahJ","2020-07-23 18:38:20","36.60732","127.4112625"
"hitahJ","2020-07-23 18:39:20","36.5920783","127.4242765"
"hitahJ","2020-07-23 18:40:26","36.5823699","127.4269458"
"hitahJ","2020-07-23 18:41:25","36.5730273","127.428614"
"hitahJ","2020-07-23 18:42:26","36.5506017","127.4309079"
"hitahJ","2020-07-23 18:43:26","36.5358839","127.4282804"
"hitahJ","2020-07-23 18:44:27","36.5225532","127.4312831"
"hitahJ","2020-07-23 18:45:27","36.5132608","127.4296149"
"hitahJ","2020-07-23 18:46:27","36.5036008","127.4289477"
"hitahJ","2020-07-23 18:47:28","36.4815795","127.428614"
"hitahJ","2020-07-23 18:48:28","36.4739829","127.4262785"
"hitahJ","2020-07-23 18:49:28","36.4520406","127.4169356"
"hitahJ","2020-07-23 18:50:29","36.4488421","127.4191748"
"hitahJ","2020-07-23 18:51:29","36.4339328","127.4224358"
"hitahJ","2020-07-23 18:53:29","36.4083128","127.4218931"
"hitahJ","2020-07-23 18:55:30","36.3846899","127.4192714"
"hitahJ","2020-07-23 18:56:30","36.3714606","127.4337052"
"hitahJ","2020-07-23 18:58:31","36.360651","127.4477365"
"hitahJ","2020-07-23 18:59:44","36.3586688","127.4449606"
"hitahJ","2020-07-23 19:01:34","36.350112","127.439842"
"hitahJ","2020-07-23 19:03:00","36.3517359","127.4377537"
"hitahJ","2020-07-23 19:04:02","36.3513602","127.4376412"
"hitahJ","2020-07-23 19:06:06","36.3506792","127.4369627"
"hitahJ","2020-07-23 19:07:41","36.3502971","127.4367434"
"hitahJ","2020-07-23 19:08:48","36.3501521","127.4367552"
"hitahJ","2020-07-23 19:09:51","36.3501637","127.4367563"
"hitahJ","2020-07-23 19:11:03","36.3501417","127.4367619"
"hitahJ","2020-07-23 19:12:07","36.3501713","127.4367626"
"hitahJ","2020-07-23 19:13:28","36.3501678","127.4367609"
"hitahJ","2020-07-23 19:14:48","36.3501517","127.4367698"
"hitahJ","2020-07-23 19:15:53","36.3501539","127.4367579"
"hitahJ","2020-07-23 19:16:55","36.350172","127.4367591"
"hitahJ","2020-07-23 19:18:02","36.3501641","127.4367494"
"hitahJ","2020-07-23 19:19:03","36.3501751","127.4367496"
"hitahJ","2020-07-23 19:20:04","36.3501703","127.4367584"
"hitahJ","2020-07-23 19:21:10","36.3501706","127.4367514"
"hitahJ","2020-07-23 19:22:46","36.3501545","127.4367642"
"hitahJ","2020-07-23 19:23:49","36.3501403","127.4367631"
"hitahJ","2020-07-23 19:24:50","36.3501561","127.4367605"
"hitahJ","2020-07-23 19:25:53","36.3499433","127.4368633"
"hitahJ","2020-07-23 19:27:14","36.3497902","127.4375587"
"hitahJ","2020-07-23 19:29:50","36.34952","127.4372682"
"hitahJ","2020-07-23 19:31:56","36.3491464","127.437371"
"hitahJ","2020-07-23 19:33:00","36.3493353","127.4376966"
"hitahJ","2020-07-23 19:34:18","36.3490336","127.4433881"
"hitahJ","2020-07-23 19:35:25","36.3472926","127.444383"
"hitahJ","2020-07-23 19:36:32","36.3454842","127.4456358"
"hitahJ","2020-07-23 19:37:33","36.3463322","127.447728"
"hitahJ","2020-07-23 19:38:34","36.3480917","127.4513875"
"hitahJ","2020-07-23 19:39:41","36.3474835","127.4518723"
"hitahJ","2020-07-23 19:40:43","36.3466009","127.4525434"
"hitahJ","2020-07-23 19:41:45","36.3459883","127.4510572"
"hitahJ","2020-07-23 19:42:46","36.3452028","127.4514499"
"hitahJ","2020-07-23 19:43:46","36.3448594","127.4516155"
"hitahJ","2020-07-23 19:44:47","36.344796","127.451632"
"hitahJ","2020-07-23 19:46:08","36.3448264","127.4516582"
"hitahJ","2020-07-23 19:47:40","36.3448064","127.4516376"
"hitahJ","2020-07-23 19:49:35","36.3448019","127.4516433"
"hitahJ","2020-07-23 19:50:35","36.3448073","127.4516482"
"hitahJ","2020-07-23 19:51:35","36.344824","127.4516595"
"hitahJ","2020-07-23 19:52:36","36.3448086","127.4516487"
"hitahJ","2020-07-23 19:53:36","36.3448002","127.4516414"
"hitahJ","2020-07-23 19:54:36","36.3447998","127.4516403"
"hitahJ","2020-07-23 19:55:43","36.3448027","127.45164"
"hitahJ","2020-07-23 19:56:44","36.344801","127.4516424"
"hitahJ","2020-07-23 19:58:38","36.3448023","127.4516445"
"hitahJ","2020-07-23 19:59:58","36.3448065","127.4516484"
"hitahJ","2020-07-23 20:00:59","36.344818","127.4516545"
"hitahJ","2020-07-23 20:02:05","36.3448263","127.4516609"
"hitahJ","2020-07-23 20:03:10","36.3448273","127.4516618"
"hitahJ","2020-07-23 20:04:10","36.3448278","127.4516619"
"hitahJ","2020-07-23 20:05:11","36.344821","127.4516555"
"hitahJ","2020-07-23 20:06:11","36.3448283","127.4516617"
"hitahJ","2020-07-23 20:07:12","36.3448228","127.4516568"
"hitahJ","2020-07-23 20:09:04","36.3448225","127.4516521"
"hitahJ","2020-07-23 20:10:05","36.3448246","127.4516536"
"hitahJ","2020-07-23 20:11:38","36.3448208","127.4516518"
"hitahJ","2020-07-23 20:13:35","36.3448281","127.4516603"
"hitahJ","2020-07-23 20:14:40","36.3448164","127.451648"
"hitahJ","2020-07-23 20:15:40","36.3448286","127.451662"
"hitahJ","2020-07-23 20:16:40","36.344826","127.4516605"
"hitahJ","2020-07-23 20:17:41","36.3448266","127.4516612"
"hitahJ","2020-07-23 20:18:41","36.3448248","127.4516624"
"hitahJ","2020-07-23 20:19:41","36.344825","127.4516592"
"hitahJ","2020-07-23 20:20:42","36.3448246","127.451657"
"hitahJ","2020-07-23 20:21:42","36.3448248","127.4516567"
"hitahJ","2020-07-23 20:22:42","36.3448235","127.4516561"
"hitahJ","2020-07-23 20:23:42","36.3448245","127.451658"
"hitahJ","2020-07-23 20:24:42","36.3448286","127.4516576"
"hitahJ","2020-07-23 20:25:42","36.3448267","127.4516549"
"hitahJ","2020-07-23 20:27:42","36.3448269","127.4516559"
"hitahJ","2020-07-23 20:28:42","36.3448236","127.4516605"
"hitahJ","2020-07-23 20:29:42","36.3448291","127.451658"
"hitahJ","2020-07-23 20:31:42","36.3448262","127.4516592"
"hitahJ","2020-07-23 20:32:42","36.3448314","127.4516618"
"hitahJ","2020-07-23 20:33:42","36.3448285","127.4516612"
"hitahJ","2020-07-23 20:35:43","36.3448289","127.4516592"
"hitahJ","2020-07-23 20:36:42","36.3448271","127.4516624"
"hitahJ","2020-07-23 20:37:42","36.3448246","127.4516571"
"hitahJ","2020-07-23 20:39:42","36.3448245","127.4516588"
"hitahJ","2020-07-23 20:40:42","36.3448295","127.4516581"
"hitahJ","2020-07-23 20:41:42","36.3448264","127.4516567"
"hitahJ","2020-07-23 20:43:43","36.3448258","127.4516565"
"hitahJ","2020-07-23 20:44:43","36.3448274","127.4516601"
"hitahJ","2020-07-23 20:45:43","36.3448257","127.4516635"
"hitahJ","2020-07-23 20:47:43","36.3448294","127.4516608"
"hitahJ","2020-07-23 20:48:43","36.3448267","127.4516622"
"hitahJ","2020-07-23 20:49:43","36.3448295","127.4516602"
"hitahJ","2020-07-23 20:50:45","36.3448275","127.4516586"
"hitahJ","2020-07-23 20:51:44","36.3448243","127.4516553"
"hitahJ","2020-07-23 20:52:44","36.3448255","127.4516633"
"hitahJ","2020-07-23 20:53:44","36.3448247","127.451664"
"hitahJ","2020-07-23 20:54:44","36.344824","127.4516608"
"hitahJ","2020-07-23 20:55:44","36.3448238","127.4516611"
"hitahJ","2020-07-23 20:57:28","36.3448266","127.4516594"
"hitahJ","2020-07-23 20:58:28","36.3448297","127.4516582"
"hitahJ","2020-07-23 20:59:28","36.3448268","127.4516573"
"hitahJ","2020-07-23 21:00:29","36.3448285","127.4516603"
"hitahJ","2020-07-23 21:01:29","36.3448265","127.4516576"
"hitahJ","2020-07-23 21:02:29","36.3448318","127.451658"
"hitahJ","2020-07-23 21:03:29","36.3448296","127.451656"
"hitahJ","2020-07-23 21:04:29","36.3448305","127.4516548"
"hitahJ","2020-07-23 21:05:29","36.3448331","127.4516559"
"hitahJ","2020-07-23 21:06:29","36.3448283","127.4516555"
"hitahJ","2020-07-23 21:08:29","36.3448215","127.4516604"
"hitahJ","2020-07-23 21:09:29","36.3448231","127.4516616"
"hitahJ","2020-07-23 21:10:36","36.3448263","127.4516638"
"hitahJ","2020-07-23 21:11:37","36.344827","127.4516573"
"hitahJ","2020-07-23 21:12:36","36.3448229","127.4516619"
"hitahJ","2020-07-23 21:13:36","36.3448244","127.4516572"
"hitahJ","2020-07-23 21:14:36","36.3448218","127.451661"
"hitahJ","2020-07-23 21:15:36","36.344826","127.4516592"
"hitahJ","2020-07-23 21:15:44","36.344826","127.4516592"
"hitahJ","2020-07-23 21:16:36","36.3448286","127.4516613"
"hitahJ","2020-07-23 21:17:41","36.3448262","127.4516551"
"hitahJ","2020-07-23 21:18:45","36.3448224","127.4516614"
"hitahJ","2020-07-23 21:20:32","36.3448297","127.4516636"
"hitahJ","2020-07-23 21:21:41","36.3448261","127.4516588"
"hitahJ","2020-07-23 21:23:41","36.3448274","127.4516562"
"hitahJ","2020-07-23 21:24:41","36.3448248","127.4516598"
"hitahJ","2020-07-23 21:25:41","36.3448259","127.4516643"
"hitahJ","2020-07-23 21:26:49","36.3448257","127.4516578"
"hitahJ","2020-07-23 21:27:48","36.3448284","127.4516599"
"hitahJ","2020-07-23 21:28:48","36.3448258","127.4516545"
"hitahJ","2020-07-23 21:29:48","36.3448248","127.4516663"
"hitahJ","2020-07-23 21:31:55","36.3448279","127.4516611"
"hitahJ","2020-07-23 21:32:58","36.3448253","127.4516596"
"hitahJ","2020-07-23 21:33:58","36.3448299","127.4516567"
"hitahJ","2020-07-23 21:34:58","36.3448266","127.4516633"
"hitahJ","2020-07-23 21:35:58","36.3448264","127.4516635"
"hitahJ","2020-07-23 21:36:58","36.3448274","127.4516604"
"hitahJ","2020-07-23 21:38:43","36.3448327","127.4516549"
"hitahJ","2020-07-23 21:39:43","36.3448255","127.4516581"
"hitahJ","2020-07-23 21:41:23","36.3448229","127.4516636"
"hitahJ","2020-07-23 21:42:24","36.3448264","127.4516611"
"hitahJ","2020-07-23 21:43:25","36.3448252","127.4516617"
"hitahJ","2020-07-23 21:44:26","36.3448272","127.4516623"
"hitahJ","2020-07-23 21:45:27","36.3448243","127.4516598"
"hitahJ","2020-07-23 21:46:29","36.344825","127.4516562"
"hitahJ","2020-07-23 21:47:31","36.3448305","127.4516569"
"hitahJ","2020-07-23 21:48:33","36.3448264","127.451657"
"hitahJ","2020-07-23 21:49:34","36.3448253","127.4516604"
"hitahJ","2020-07-23 21:50:35","36.3448251","127.4516627"
"hitahJ","2020-07-23 21:51:35","36.344826","127.4516506"
"hitahJ","2020-07-23 21:52:37","36.3448241","127.4516564"
"hitahJ","2020-07-23 21:53:39","36.3448257","127.4516604"
"hitahJ","2020-07-23 21:54:46","36.3448274","127.4516573"
"hitahJ","2020-07-23 21:55:46","36.3448264","127.4516609"
"hitahJ","2020-07-23 21:56:47","36.3448268","127.451657"
"hitahJ","2020-07-23 21:57:48","36.3448257","127.4516551"
"hitahJ","2020-07-23 21:58:55","36.3448261","127.451658"
"hitahJ","2020-07-23 21:59:55","36.3448208","127.4516527"
"hitahJ","2020-07-23 22:00:57","36.3448178","127.4516501"
"hitahJ","2020-07-23 22:01:58","36.3448215","127.4516499"
"hitahJ","2020-07-23 22:03:04","36.3448249","127.4516597"
"hitahJ","2020-07-23 22:04:04","36.344804","127.4516395"
"hitahJ","2020-07-23 22:05:04","36.3448256","127.45166"
"hitahJ","2020-07-23 22:06:04","36.3448277","127.4516595"
"hitahJ","2020-07-23 22:07:05","36.3448255","127.4516511"
"hitahJ","2020-07-23 22:08:04","36.3448258","127.4516547"
"hitahJ","2020-07-23 22:09:04","36.3448274","127.4516573"
"hitahJ","2020-07-23 22:10:04","36.3448263","127.4516543"
"hitahJ","2020-07-23 22:11:04","36.3448272","127.4516557"
"hitahJ","2020-07-23 22:12:04","36.3448263","127.4516562"
"hitahJ","2020-07-23 22:13:04","36.3448264","127.4516532"
"hitahJ","2020-07-23 22:14:05","36.3448311","127.4516603"
"hitahJ","2020-07-23 22:15:04","36.3448286","127.4516533"
"hitahJ","2020-07-23 22:16:04","36.3448267","127.4516574"
"hitahJ","2020-07-23 22:17:04","36.344828","127.4516562"
"hitahJ","2020-07-23 22:18:04","36.3448263","127.4516579"
"hitahJ","2020-07-23 22:19:04","36.3448258","127.4516523"
"hitahJ","2020-07-23 22:20:05","36.344823","127.4516563"
"hitahJ","2020-07-23 22:21:04","36.344824","127.4516568"
"hitahJ","2020-07-23 22:22:04","36.3448231","127.4516558"
"hitahJ","2020-07-23 22:23:04","36.3448238","127.4516572"
"hitahJ","2020-07-23 22:24:04","36.3448257","127.4516575"
"hitahJ","2020-07-23 22:25:04","36.3448304","127.4516532"
"hitahJ","2020-07-23 22:26:05","36.3448284","127.4516579"
"hitahJ","2020-07-23 22:27:05","36.3448251","127.4516579"
"hitahJ","2020-07-23 22:28:05","36.3448269","127.4516553"
"hitahJ","2020-07-23 22:29:05","36.3448267","127.4516573"
"hitahJ","2020-07-23 22:30:05","36.3448252","127.4516532"
"hitahJ","2020-07-23 22:32:03","36.3448245","127.4516608"
"hitahJ","2020-07-23 22:33:04","36.3448286","127.4516634"
"hitahJ","2020-07-23 22:34:04","36.3448287","127.451657"
"hitahJ","2020-07-23 22:35:04","36.3448278","127.4516543"
"hitahJ","2020-07-23 22:36:04","36.3448298","127.4516556"
"hitahJ","2020-07-23 22:37:04","36.3448236","127.4516533"
"hitahJ","2020-07-23 22:38:04","36.3448248","127.4516542"
"hitahJ","2020-07-23 22:39:04","36.3448251","127.4516575"
"hitahJ","2020-07-23 22:40:04","36.3448268","127.4516619"
"hitahJ","2020-07-23 22:44:02","36.3448344","127.4516555"
"hitahJ","2020-07-23 22:45:02","36.3448265","127.4516553"
"hitahJ","2020-07-23 22:46:02","36.3448252","127.4516585"
"hitahJ","2020-07-23 22:47:03","36.3448233","127.451657"
"hitahJ","2020-07-23 22:48:03","36.3448293","127.4516601"
"hitahJ","2020-07-23 22:49:03","36.3448201","127.4516562"
"hitahJ","2020-07-23 22:50:03","36.3448216","127.4516509"
"hitahJ","2020-07-23 22:51:03","36.344829","127.4516556"
"hitahJ","2020-07-23 22:52:03","36.3448262","127.4516543"
"hitahJ","2020-07-23 22:53:03","36.3448281","127.4516602"
"hitahJ","2020-07-23 22:54:03","36.3448317","127.4516555"
"hitahJ","2020-07-23 22:55:03","36.3448286","127.4516627"
"hitahJ","2020-07-23 22:56:03","36.3448301","127.4516522"
"hitahJ","2020-07-23 22:57:03","36.3448293","127.4516622"
"hitahJ","2020-07-23 22:58:03","36.3448254","127.4516476"
"hitahJ","2020-07-23 22:59:03","36.3448223","127.4516538"
"hitahJ","2020-07-23 23:00:09","36.3448251","127.4516589"
"hitahJ","2020-07-23 23:01:10","36.3448261","127.4516562"
"hitahJ","2020-07-23 23:02:11","36.3448223","127.4516508"
"hitahJ","2020-07-23 23:03:13","36.3448206","127.4516526"
"hitahJ","2020-07-23 23:04:15","36.3448152","127.4516491"
"hitahJ","2020-07-23 23:05:16","36.3448225","127.4516548"
"hitahJ","2020-07-23 23:06:17","36.3448245","127.4516536"
"hitahJ","2020-07-23 23:07:19","36.3448244","127.4516509"
"hitahJ","2020-07-23 23:08:19","36.3448239","127.4516539"
"hitahJ","2020-07-23 23:09:19","36.3448279","127.4516607"
"hitahJ","2020-07-23 23:10:21","36.3448161","127.4516492"
"hitahJ","2020-07-23 23:11:23","36.3448207","127.4516557"
"hitahJ","2020-07-23 23:12:25","36.3448218","127.4516539"
"hitahJ","2020-07-23 23:13:26","36.3448227","127.4516549"
"hitahJ","2020-07-23 23:14:28","36.3448229","127.4516573"
"hitahJ","2020-07-23 23:15:29","36.3448251","127.4516618"
"hitahJ","2020-07-23 23:16:31","36.3448243","127.4516587"
"hitahJ","2020-07-23 23:17:32","36.3448246","127.4516557"
"hitahJ","2020-07-23 23:18:33","36.3448269","127.4516571"
"hitahJ","2020-07-23 23:19:34","36.3448257","127.451654"
"hitahJ","2020-07-23 23:20:36","36.3448284","127.4516528"
"hitahJ","2020-07-23 23:21:35","36.3448271","127.4516561"
"hitahJ","2020-07-23 23:22:37","36.3448296","127.4516539"
"hitahJ","2020-07-23 23:23:38","36.344828","127.4516553"
"hitahJ","2020-07-23 23:24:39","36.3448249","127.4516516"
"hitahJ","2020-07-23 23:25:40","36.3448225","127.4516544"
"hitahJ","2020-07-23 23:26:42","36.3448237","127.4516529"
"hitahJ","2020-07-23 23:27:43","36.3448214","127.451654"
"hitahJ","2020-07-23 23:28:44","36.3448121","127.451646"
"hitahJ","2020-07-23 23:29:45","36.3448262","127.4516518"
"hitahJ","2020-07-23 23:30:46","36.3448215","127.4516515"
"hitahJ","2020-07-23 23:31:47","36.3448185","127.451648"
"hitahJ","2020-07-23 23:32:52","36.3448191","127.4516523"
"hitahJ","2020-07-23 23:33:53","36.3448204","127.4516523"
"hitahJ","2020-07-23 23:34:58","36.3448235","127.4516501"
"hitahJ","2020-07-23 23:36:00","36.3448282","127.4516526"
"hitahJ","2020-07-23 23:37:00","36.3448253","127.4516564"
"hitahJ","2020-07-23 23:38:02","36.3448279","127.4516507"
"hitahJ","2020-07-23 23:39:03","36.3448271","127.4516538"
"hitahJ","2020-07-23 23:40:03","36.3448261","127.4516565"
"hitahJ","2020-07-23 23:41:04","36.3448242","127.4516562"
"hitahJ","2020-07-23 23:42:03","36.3448229","127.4516546"
"hitahJ","2020-07-23 23:43:03","36.3448251","127.4516594"
"hitahJ","2020-07-23 23:44:03","36.3448234","127.4516533"
"hitahJ","2020-07-23 23:45:03","36.3448257","127.4516539"
"hitahJ","2020-07-23 23:47:43","36.3448255","127.4516537"
"hitahJ","2020-07-23 23:48:43","36.3448259","127.4516497"
"hitahJ","2020-07-23 23:49:45","36.3448248","127.4516509"
"hitahJ","2020-07-23 23:50:46","36.3448259","127.4516521"
"hitahJ","2020-07-23 23:51:46","36.3448251","127.4516571"
"hitahJ","2020-07-23 23:52:48","36.3448264","127.4516513"
"hitahJ","2020-07-23 23:53:49","36.3448282","127.4516544"
"hitahJ","2020-07-23 23:54:51","36.3448241","127.4516506"
"hitahJ","2020-07-23 23:55:52","36.3448225","127.4516518"
"hitahJ","2020-07-23 23:56:53","36.3448226","127.4516483"
"hitahJ","2020-07-23 23:57:55","36.3448205","127.4516534"
"hitahJ","2020-07-23 23:58:57","36.3448183","127.4516481"
"hitahJ","2020-07-24 00:00:04","36.3448235","127.451652"
"hitahJ","2020-07-24 00:01:04","36.3448273","127.451657"
"hitahJ","2020-07-24 00:02:05","36.3448259","127.4516515"
"hitahJ","2020-07-24 00:03:06","36.3448267","127.4516515"
"hitahJ","2020-07-24 00:04:07","36.3448271","127.4516532"
"hitahJ","2020-07-24 00:05:08","36.3448259","127.451652"
"hitahJ","2020-07-24 00:06:09","36.3448291","127.4516545"
"hitahJ","2020-07-24 00:07:11","36.3448242","127.4516542"
"hitahJ","2020-07-24 00:08:12","36.3448244","127.4516566"
"hitahJ","2020-07-24 00:09:13","36.3448255","127.4516544"
"hitahJ","2020-07-24 00:10:13","36.3448148","127.4516454"
"hitahJ","2020-07-24 00:11:14","36.3448119","127.4516453"
"hitahJ","2020-07-24 00:12:14","36.3448488","127.4516316"
"hitahJ","2020-07-24 00:13:16","36.3448189","127.4516487"
"hitahJ","2020-07-24 00:14:17","36.3448189","127.4516473"
"hitahJ","2020-07-24 00:15:18","36.3448228","127.4516495"
"hitahJ","2020-07-24 00:16:20","36.344823","127.45165"
"hitahJ","2020-07-24 00:17:21","36.3448225","127.4516499"
"hitahJ","2020-07-24 00:18:22","36.3448194","127.4516564"
"hitahJ","2020-07-24 00:19:25","36.3448224","127.4516501"
"hitahJ","2020-07-24 00:20:26","36.3448228","127.4516548"
"hitahJ","2020-07-24 00:21:27","36.3448253","127.4516481"
"hitahJ","2020-07-24 00:22:28","36.3448172","127.4516527"
"hitahJ","2020-07-24 00:23:30","36.3448192","127.4516483"
"hitahJ","2020-07-24 00:24:31","36.3448212","127.4516494"
"hitahJ","2020-07-24 00:25:31","36.3448226","127.4516547"
"hitahJ","2020-07-24 00:26:32","36.3448223","127.4516507"
"hitahJ","2020-07-24 00:27:33","36.3448169","127.4516477"
"hitahJ","2020-07-24 00:28:34","36.3448172","127.451649"
"hitahJ","2020-07-24 00:29:35","36.344812","127.451643"
"hitahJ","2020-07-24 00:30:36","36.3448182","127.4516499"
"hitahJ","2020-07-24 00:31:37","36.3448124","127.4516419"
"hitahJ","2020-07-24 00:32:38","36.3448198","127.451652"
"hitahJ","2020-07-24 00:33:39","36.3448234","127.4516545"
"hitahJ","2020-07-24 00:34:41","36.3448237","127.4516546"
"hitahJ","2020-07-24 00:35:42","36.3448236","127.4516533"
"hitahJ","2020-07-24 00:36:48","36.3448239","127.4516589"
"hitahJ","2020-07-24 00:38:42","36.3448317","127.4516528"
"hitahJ","2020-07-24 00:39:43","36.3448213","127.4516529"
"hitahJ","2020-07-24 00:40:44","36.344826","127.4516463"
"hitahJ","2020-07-24 00:41:45","36.3448247","127.4516519"
"hitahJ","2020-07-24 00:42:47","36.3448229","127.4516509"
"hitahJ","2020-07-24 00:43:48","36.3448259","127.45165"
"hitahJ","2020-07-24 00:44:49","36.3448243","127.4516554"
"hitahJ","2020-07-24 00:45:50","36.3448288","127.4516517"
"hitahJ","2020-07-24 00:46:50","36.3448264","127.4516579"
"hitahJ","2020-07-24 00:47:57","36.3448232","127.4516488"
"hitahJ","2020-07-24 00:48:58","36.3448252","127.4516528"
"hitahJ","2020-07-24 00:53:00","36.3448259","127.4516497"
"hitahJ","2020-07-24 00:53:59","36.3448234","127.4516625"
"hitahJ","2020-07-24 00:55:02","36.3448265","127.4516532"
"hitahJ","2020-07-24 00:56:03","36.3448246","127.4516509"
"hitahJ","2020-07-24 00:57:04","36.3448245","127.451654"
"hitahJ","2020-07-24 00:58:03","36.3448242","127.4516496"
"hitahJ","2020-07-24 00:59:03","36.3448255","127.4516499"
"hitahJ","2020-07-24 01:00:08","36.3448254","127.4516522"
"hitahJ","2020-07-24 01:01:08","36.3448223","127.4516569"
"hitahJ","2020-07-24 01:02:16","36.3448224","127.4516507"
"hitahJ","2020-07-24 01:03:17","36.3448256","127.4516498"
"hitahJ","2020-07-24 01:04:24","36.3448223","127.4516494"
"hitahJ","2020-07-24 01:05:25","36.3448254","127.4516579"
"hitahJ","2020-07-24 01:06:26","36.3448262","127.4516521"
"hitahJ","2020-07-24 01:07:27","36.3448253","127.4516489"
"hitahJ","2020-07-24 01:08:28","36.3448279","127.4516511"
"hitahJ","2020-07-24 01:09:29","36.3448251","127.4516542"
"hitahJ","2020-07-24 01:10:35","36.3448217","127.4516618"
"hitahJ","2020-07-24 01:11:31","36.3448214","127.4516508"
"hitahJ","2020-07-24 01:12:47","36.34482","127.4516545"
"hitahJ","2020-07-24 01:13:49","36.3448076","127.4516424"
"hitahJ","2020-07-24 01:15:56","36.3448098","127.4516481"
"hitahJ","2020-07-24 01:16:56","36.3448218","127.4516602"
"hitahJ","2020-07-24 01:17:58","36.3448267","127.451654"
"hitahJ","2020-07-24 01:18:58","36.3448226","127.451653"
"hitahJ","2020-07-24 01:19:59","36.3448263","127.4516518"
"hitahJ","2020-07-24 01:21:00","36.3448238","127.451654"
"hitahJ","2020-07-24 01:22:01","36.3448274","127.4516538"
"hitahJ","2020-07-24 01:23:02","36.3448249","127.4516503"
"hitahJ","2020-07-24 01:24:03","36.344827","127.4516509"
"hitahJ","2020-07-24 01:25:05","36.344827","127.4516509"
"hitahJ","2020-07-24 01:26:06","36.3448252","127.451658"
"hitahJ","2020-07-24 01:27:07","36.3448244","127.4516556"
"hitahJ","2020-07-24 01:28:08","36.3448264","127.4516545"
"hitahJ","2020-07-24 01:29:09","36.3448287","127.4516536"
"hitahJ","2020-07-24 01:30:09","36.3448242","127.4516551"
"hitahJ","2020-07-24 01:31:11","36.3448246","127.4516466"
"hitahJ","2020-07-24 01:32:11","36.3448077","127.4516425"
"hitahJ","2020-07-24 01:33:11","36.3448208","127.4516545"
"hitahJ","2020-07-24 01:34:13","36.3448175","127.4516538"
"hitahJ","2020-07-24 01:35:14","36.3448129","127.4516474"
"hitahJ","2020-07-24 01:36:15","36.3448205","127.451651"
"hitahJ","2020-07-24 01:37:21","36.3448127","127.4516511"
"hitahJ","2020-07-24 01:38:17","36.3448248","127.451656"
"hitahJ","2020-07-24 01:39:34","36.3448009","127.4516394"
"hitahJ","2020-07-24 01:40:33","36.3448181","127.4516508"
"hitahJ","2020-07-24 01:41:34","36.3448202","127.4516526"
"hitahJ","2020-07-24 01:42:39","36.3448172","127.4516558"
"hitahJ","2020-07-24 01:43:40","36.3448191","127.4516518"
"hitahJ","2020-07-24 01:44:41","36.3448109","127.4516532"
"hitahJ","2020-07-24 01:45:41","36.3449708","127.4512981"
"hitahJ","2020-07-24 01:46:42","36.3448221","127.4516528"
"hitahJ","2020-07-24 01:47:42","36.344822","127.4516545"
"hitahJ","2020-07-24 01:48:43","36.3448206","127.45166"
"hitahJ","2020-07-24 01:49:45","36.3448232","127.4516599"
"hitahJ","2020-07-24 01:50:45","36.3448205","127.4516523"
"hitahJ","2020-07-24 01:51:46","36.3448215","127.4516516"
"hitahJ","2020-07-24 01:52:46","36.3448185","127.4516596"
"hitahJ","2020-07-24 01:53:46","36.3448191","127.4516583"
"hitahJ","2020-07-24 01:54:50","36.3448145","127.4516527"
"hitahJ","2020-07-24 01:55:56","36.3448142","127.4516484"
"hitahJ","2020-07-24 01:56:57","36.3448229","127.4516557"
"hitahJ","2020-07-24 01:57:58","36.344824","127.4516641"
"hitahJ","2020-07-24 01:58:59","36.3448278","127.4516591"
"hitahJ","2020-07-24 02:00:00","36.3448256","127.4516587"
"hitahJ","2020-07-24 02:01:01","36.3448253","127.4516636"
"hitahJ","2020-07-24 02:02:02","36.344823","127.4516626"
"hitahJ","2020-07-24 02:03:06","36.3448236","127.4516621"
"hitahJ","2020-07-24 02:04:07","36.3448227","127.4516561"
"hitahJ","2020-07-24 02:05:08","36.344826","127.4516591"
"hitahJ","2020-07-24 02:06:09","36.3448251","127.4516588"
"hitahJ","2020-07-24 02:07:16","36.3448248","127.4516587"
"hitahJ","2020-07-24 02:08:17","36.3448251","127.451661"
"hitahJ","2020-07-24 02:09:17","36.3448064","127.4516469"
"hitahJ","2020-07-24 02:10:17","36.3448258","127.4516604"
"hitahJ","2020-07-24 02:11:19","36.3448038","127.4516463"
"hitahJ","2020-07-24 02:12:20","36.3448042","127.4516471"
"hitahJ","2020-07-24 02:13:20","36.344806","127.4516495"
"hitahJ","2020-07-24 02:14:21","36.3448068","127.4516511"
"hitahJ","2020-07-24 02:15:23","36.3448129","127.4516459"
"hitahJ","2020-07-24 02:16:24","36.3448082","127.4516443"
"hitahJ","2020-07-24 02:17:25","36.3448068","127.4516439"
"hitahJ","2020-07-24 02:18:26","36.3448084","127.4516451"
"hitahJ","2020-07-24 02:19:26","36.3448278","127.4516566"
"hitahJ","2020-07-24 02:20:27","36.344821","127.4516601"
"hitahJ","2020-07-24 02:21:28","36.3448265","127.4516583"
"hitahJ","2020-07-24 02:22:29","36.3448268","127.4516616"
"hitahJ","2020-07-24 02:23:29","36.3448257","127.4516602"
"hitahJ","2020-07-24 02:24:37","36.3448281","127.4516602"
"hitahJ","2020-07-24 02:25:37","36.344825","127.4516605"
"hitahJ","2020-07-24 02:26:38","36.3448269","127.4516626"
"hitahJ","2020-07-24 02:27:39","36.3448235","127.4516618"
"hitahJ","2020-07-24 02:28:40","36.3448253","127.4516598"
"hitahJ","2020-07-24 02:29:41","36.3448252","127.4516584"
"hitahJ","2020-07-24 02:30:44","36.344823","127.4516586"
"hitahJ","2020-07-24 02:31:44","36.3448243","127.4516603"
"hitahJ","2020-07-24 02:32:45","36.3448037","127.4516417"
"hitahJ","2020-07-24 02:33:46","36.3448174","127.4516509"
"hitahJ","2020-07-24 02:34:46","36.3448203","127.4516545"
"hitahJ","2020-07-24 02:35:47","36.3448166","127.4516489"
"hitahJ","2020-07-24 02:36:48","36.3448167","127.4516476"
"hitahJ","2020-07-24 02:37:55","36.3448231","127.4516558"
"hitahJ","2020-07-24 02:38:57","36.3448184","127.4516496"
"hitahJ","2020-07-24 02:39:58","36.3448225","127.4516552"
"hitahJ","2020-07-24 02:40:59","36.3448229","127.4516512"
"hitahJ","2020-07-24 02:42:30","36.3448241","127.4516525"
"hitahJ","2020-07-24 02:43:29","36.3448253","127.4516566"
"hitahJ","2020-07-24 02:44:30","36.3448254","127.451656"
"hitahJ","2020-07-24 02:45:31","36.344824","127.4516557"
"hitahJ","2020-07-24 02:46:33","36.3448272","127.4516585"
"hitahJ","2020-07-24 02:47:34","36.3448242","127.4516576"
"hitahJ","2020-07-24 02:48:35","36.3448239","127.451657"
"hitahJ","2020-07-24 02:49:36","36.3448163","127.4516448"
"hitahJ","2020-07-24 02:50:37","36.3448244","127.4516564"
"hitahJ","2020-07-24 02:51:38","36.3448161","127.451645"
"hitahJ","2020-07-24 02:52:39","36.3448179","127.4516515"
"hitahJ","2020-07-24 02:53:39","36.3448256","127.4516605"
"hitahJ","2020-07-24 02:54:39","36.3448124","127.4516521"
"hitahJ","2020-07-24 02:55:39","36.3448211","127.4516528"
"hitahJ","2020-07-24 02:56:39","36.344828","127.451664"
"hitahJ","2020-07-24 02:57:39","36.3448015","127.4516442"
"hitahJ","2020-07-24 02:58:40","36.3448154","127.4516495"
"hitahJ","2020-07-24 02:59:39","36.3448083","127.4516435"
"hitahJ","2020-07-24 03:00:39","36.3448193","127.4516501"
"hitahJ","2020-07-24 03:01:39","36.3448238","127.4516594"
"hitahJ","2020-07-24 03:02:39","36.3448233","127.4516479"
"hitahJ","2020-07-24 03:03:39","36.3448201","127.4516521"
"hitahJ","2020-07-24 03:04:42","36.3448227","127.4516482"
"hitahJ","2020-07-24 03:05:42","36.3448254","127.4516478"
"hitahJ","2020-07-24 03:06:49","36.3448247","127.4516562"
"hitahJ","2020-07-24 03:07:55","36.344825","127.4516568"
"hitahJ","2020-07-24 03:09:55","36.3448257","127.451653"
"hitahJ","2020-07-24 03:11:54","36.3448103","127.4516391"
"hitahJ","2020-07-24 03:12:55","36.344821","127.4516487"
"hitahJ","2020-07-24 03:13:55","36.3448247","127.4516568"
"hitahJ","2020-07-24 03:14:55","36.3448068","127.4516394"
"hitahJ","2020-07-24 03:16:56","36.3448261","127.4516562"
"hitahJ","2020-07-24 03:17:55","36.3448116","127.4516481"
"hitahJ","2020-07-24 03:19:00","36.3448277","127.451657"
"hitahJ","2020-07-24 03:20:59","36.3448023","127.4516411"
"hitahJ","2020-07-24 03:22:00","36.3447998","127.4516374"
"hitahJ","2020-07-24 03:23:00","36.3448003","127.4516406"
"hitahJ","2020-07-24 03:25:00","36.3448037","127.451637"
"hitahJ","2020-07-24 03:26:04","36.3448019","127.4516397"
"hitahJ","2020-07-24 03:27:04","36.344791","127.4516452"
"hitahJ","2020-07-24 03:29:04","36.3448258","127.4516605"
"hitahJ","2020-07-24 03:32:06","36.3448243","127.4516592"
"hitahJ","2020-07-24 03:33:04","36.3448229","127.4516591"
"hitahJ","2020-07-24 03:34:44","36.3448067","127.451646"
"hitahJ","2020-07-24 03:36:03","36.3448068","127.4516392"
"hitahJ","2020-07-24 03:37:04","36.344801","127.4516437"
"hitahJ","2020-07-24 03:38:04","36.3448216","127.451624"
"hitahJ","2020-07-24 03:39:04","36.3448268","127.4516509"
"hitahJ","2020-07-24 03:41:03","36.344831","127.4516596"
"hitahJ","2020-07-24 03:42:44","36.3448241","127.4516501"
"hitahJ","2020-07-24 03:44:18","36.3450448","127.4502974"
"hitahJ","2020-07-24 03:45:21","36.3448286","127.4516605"
"hitahJ","2020-07-24 03:46:22","36.3448305","127.4516604"
"hitahJ","2020-07-24 03:47:28","36.3448249","127.4516624"
"hitahJ","2020-07-24 03:48:24","36.3448302","127.4516606"
"hitahJ","2020-07-24 03:49:25","36.3448288","127.4516603"
"hitahJ","2020-07-24 03:50:26","36.3448301","127.4516592"
"hitahJ","2020-07-24 03:51:27","36.3448288","127.451661"
"hitahJ","2020-07-24 03:52:28","36.3448256","127.4516626"
"hitahJ","2020-07-24 03:53:29","36.3448293","127.4516609"
"hitahJ","2020-07-24 03:54:30","36.3448286","127.4516605"
"hitahJ","2020-07-24 03:55:31","36.3448304","127.4516607"
"hitahJ","2020-07-24 03:56:33","36.3448284","127.4516606"
"hitahJ","2020-07-24 03:57:34","36.3448303","127.4516607"
"hitahJ","2020-07-24 03:58:34","36.3448306","127.4516605"
"hitahJ","2020-07-24 03:59:35","36.3448297","127.4516609"
"hitahJ","2020-07-24 04:00:36","36.3448297","127.4516609"
"hitahJ","2020-07-24 04:01:37","36.3448306","127.4516606"
"hitahJ","2020-07-24 04:02:38","36.3448306","127.4516604"
"hitahJ","2020-07-24 04:03:40","36.3448251","127.4516624"
"hitahJ","2020-07-24 04:04:41","36.344829","127.4516609"
"hitahJ","2020-07-24 04:05:41","36.344829","127.4516609"
"hitahJ","2020-07-24 04:06:42","36.3448305","127.4516597"
"hitahJ","2020-07-24 04:07:43","36.344829","127.4516609"
"hitahJ","2020-07-24 04:08:49","36.3448287","127.4516598"
"hitahJ","2020-07-24 04:09:45","36.3448286","127.4516554"
"hitahJ","2020-07-24 04:10:46","36.3448304","127.4516534"
"hitahJ","2020-07-24 04:11:47","36.3448242","127.4516626"
"hitahJ","2020-07-24 04:12:48","36.3448234","127.4516621"
"hitahJ","2020-07-24 04:13:49","36.3448265","127.4516598"
"hitahJ","2020-07-24 04:14:50","36.3448231","127.4516631"
"hitahJ","2020-07-24 04:15:56","36.344826","127.4516592"
"hitahJ","2020-07-24 04:16:52","36.3448265","127.4516598"
"hitahJ","2020-07-24 04:17:53","36.3448209","127.4516603"
"hitahJ","2020-07-24 04:18:54","36.3448254","127.4516564"
"hitahJ","2020-07-24 04:19:55","36.3448265","127.4516598"
"hitahJ","2020-07-24 04:20:56","36.3448214","127.4516606"
"hitahJ","2020-07-24 04:21:57","36.3448258","127.4516576"
"hitahJ","2020-07-24 04:22:58","36.3448258","127.4516554"
"hitahJ","2020-07-24 04:23:59","36.3448266","127.4516597"
"hitahJ","2020-07-24 04:24:59","36.3448265","127.4516598"
"hitahJ","2020-07-24 04:25:58","36.3449708","127.4512981"
"hitahJ","2020-07-24 04:27:01","36.344826","127.4516591"
"hitahJ","2020-07-24 04:28:02","36.3448262","127.451658"
"hitahJ","2020-07-24 04:29:03","36.3448263","127.4516648"
"hitahJ","2020-07-24 04:30:04","36.3448268","127.4516601"
"hitahJ","2020-07-24 04:31:10","36.3448242","127.4516593"
"hitahJ","2020-07-24 04:32:11","36.344826","127.4516583"
"hitahJ","2020-07-24 04:33:13","36.3448228","127.4516612"
"hitahJ","2020-07-24 04:34:15","36.3448242","127.4516627"
"hitahJ","2020-07-24 04:35:16","36.3448227","127.4516613"
"hitahJ","2020-07-24 04:36:17","36.3448214","127.451661"
"hitahJ","2020-07-24 04:37:17","36.3448259","127.4516589"
"hitahJ","2020-07-24 04:38:19","36.3448264","127.4516594"
"hitahJ","2020-07-24 04:39:19","36.3448243","127.4516629"
"hitahJ","2020-07-24 04:41:20","36.344826","127.4516589"
"hitahJ","2020-07-24 04:42:21","36.3448244","127.4516628"
"hitahJ","2020-07-24 04:43:22","36.3448229","127.4516616"
"hitahJ","2020-07-24 04:44:23","36.344825","127.4516642"
"hitahJ","2020-07-24 04:47:56","36.3448271","127.4516583"
"hitahJ","2020-07-24 04:48:55","36.3448233","127.4516621"
"hitahJ","2020-07-24 04:49:56","36.3448244","127.4516628"
"hitahJ","2020-07-24 04:50:57","36.3448242","127.4516638"
"hitahJ","2020-07-24 04:51:58","36.3448243","127.4516611"
"hitahJ","2020-07-24 04:52:58","36.3448247","127.451664"
"hitahJ","2020-07-24 04:53:59","36.3448213","127.4516611"
"hitahJ","2020-07-24 04:55:00","36.3448236","127.4516598"
"hitahJ","2020-07-24 04:56:01","36.3448243","127.451664"
"hitahJ","2020-07-24 04:57:02","36.3448213","127.451661"
"hitahJ","2020-07-24 04:58:03","36.3448215","127.4516614"
"hitahJ","2020-07-24 04:59:04","36.3448238","127.4516635"
"hitahJ","2020-07-24 05:00:08","36.3448277","127.4516601"
"hitahJ","2020-07-24 05:01:08","36.3448254","127.4516647"
"hitahJ","2020-07-24 05:02:09","36.3448231","127.4516605"
"hitahJ","2020-07-24 05:03:10","36.344825","127.4516634"
"hitahJ","2020-07-24 05:04:11","36.3448216","127.4516603"
"hitahJ","2020-07-24 05:05:12","36.3448231","127.4516629"
"hitahJ","2020-07-24 05:06:14","36.3448261","127.4516594"
"hitahJ","2020-07-24 05:07:18","36.344821","127.4516594"
"hitahJ","2020-07-24 05:08:19","36.3448209","127.4516607"
"hitahJ","2020-07-24 05:09:19","36.3448242","127.4516635"
"hitahJ","2020-07-24 05:10:20","36.344821","127.451659"
"hitahJ","2020-07-24 05:11:21","36.3448215","127.4516583"
"hitahJ","2020-07-24 05:12:20","36.3449708","127.4512981"
"hitahJ","2020-07-24 05:13:23","36.3448219","127.4516611"
"hitahJ","2020-07-24 05:14:24","36.3448223","127.4516596"
"hitahJ","2020-07-24 05:15:25","36.3448252","127.4516587"
"hitahJ","2020-07-24 05:16:26","36.3448238","127.4516594"
"hitahJ","2020-07-24 05:17:27","36.3448232","127.4516612"
"hitahJ","2020-07-24 05:18:28","36.3448287","127.4516597"
"hitahJ","2020-07-24 05:19:29","36.3448265","127.4516622"
"hitahJ","2020-07-24 05:20:31","36.3448233","127.4516614"
"hitahJ","2020-07-24 05:21:32","36.3448237","127.4516592"
"hitahJ","2020-07-24 05:22:34","36.3448219","127.4516611"
"hitahJ","2020-07-24 05:23:35","36.3448224","127.4516598"
"hitahJ","2020-07-24 05:24:36","36.3448241","127.4516601"
"hitahJ","2020-07-24 05:26:37","36.3448212","127.4516611"
"hitahJ","2020-07-24 05:27:38","36.3448235","127.4516614"
"hitahJ","2020-07-24 05:28:39","36.3448259","127.4516592"
"hitahJ","2020-07-24 05:29:40","36.3448213","127.451661"
"hitahJ","2020-07-24 05:30:42","36.3448211","127.4516609"
"hitahJ","2020-07-24 05:31:43","36.34483","127.4516605"
"hitahJ","2020-07-24 05:32:44","36.3448292","127.4516585"
"hitahJ","2020-07-24 05:33:45","36.3448258","127.4516576"
"hitahJ","2020-07-24 05:34:44","36.3448009","127.4509645"
"hitahJ","2020-07-24 05:35:47","36.3448261","127.451658"
"hitahJ","2020-07-24 05:36:48","36.3448262","127.4516539"
"hitahJ","2020-07-24 05:37:55","36.3448247","127.4516572"
"hitahJ","2020-07-24 05:38:56","36.3448212","127.4516594"
"hitahJ","2020-07-24 05:39:56","36.3448213","127.451661"
"hitahJ","2020-07-24 05:40:58","36.3448247","127.4516596"
"hitahJ","2020-07-24 05:41:59","36.3448216","127.4516615"
"hitahJ","2020-07-24 05:43:00","36.3448259","127.4516612"
"hitahJ","2020-07-24 05:44:01","36.3448216","127.4516617"
"hitahJ","2020-07-24 05:45:01","36.3448265","127.4516585"
"hitahJ","2020-07-24 05:46:02","36.3448263","127.451662"
"hitahJ","2020-07-24 05:47:03","36.3448265","127.4516584"
"hitahJ","2020-07-24 05:48:04","36.3448264","127.4516581"
"hitahJ","2020-07-24 05:49:05","36.3448244","127.4516594"
"hitahJ","2020-07-24 05:52:37","36.3448253","127.4516599"
"hitahJ","2020-07-24 05:53:36","36.3448242","127.4516574"
"hitahJ","2020-07-24 05:54:39","36.3448262","127.4516591"
"hitahJ","2020-07-24 05:55:40","36.344826","127.4516615"
"hitahJ","2020-07-24 05:56:40","36.3448228","127.4516582"
"hitahJ","2020-07-24 05:57:41","36.344826","127.4516542"
"hitahJ","2020-07-24 05:58:42","36.3448239","127.451658"
"hitahJ","2020-07-24 05:59:43","36.3448235","127.4516588"
"hitahJ","2020-07-24 06:00:44","36.3448254","127.45166"
"hitahJ","2020-07-24 06:01:45","36.3448255","127.4516589"
"hitahJ","2020-07-24 06:02:46","36.3448257","127.4516609"
"hitahJ","2020-07-24 06:03:47","36.3448238","127.4516594"
"hitahJ","2020-07-24 06:04:49","36.3448264","127.451659"
"hitahJ","2020-07-24 06:05:50","36.3448261","127.4516601"
"hitahJ","2020-07-24 06:06:51","36.344826","127.4516617"
"hitahJ","2020-07-24 06:07:57","36.3448236","127.451659"
"hitahJ","2020-07-24 06:08:58","36.344826","127.4516609"
"hitahJ","2020-07-24 06:10:03","36.3448265","127.4516585"
"hitahJ","2020-07-24 06:11:00","36.3448255","127.4516633"
"hitahJ","2020-07-24 06:11:59","36.3451406","127.4516316"
"hitahJ","2020-07-24 06:13:02","36.3448242","127.4516565"
"hitahJ","2020-07-24 06:14:03","36.3448246","127.4516596"
"hitahJ","2020-07-24 06:15:04","36.3448244","127.45166"
"hitahJ","2020-07-24 06:16:06","36.344827","127.4516624"
"hitahJ","2020-07-24 06:17:07","36.3448212","127.4516603"
"hitahJ","2020-07-24 06:18:08","36.3448239","127.4516585"
"hitahJ","2020-07-24 06:19:11","36.3448271","127.4516587"
"hitahJ","2020-07-24 06:20:13","36.3448268","127.4516585"
"hitahJ","2020-07-24 06:21:14","36.344824","127.4516627"
"hitahJ","2020-07-24 06:22:15","36.3448254","127.4516574"
"hitahJ","2020-07-24 06:23:16","36.3448271","127.4516575"
"hitahJ","2020-07-24 06:24:17","36.3448231","127.4516618"
"hitahJ","2020-07-24 06:25:18","36.3448235","127.4516623"
"hitahJ","2020-07-24 06:26:19","36.3448227","127.4516613"
"hitahJ","2020-07-24 06:27:20","36.3448244","127.4516589"
"hitahJ","2020-07-24 06:28:21","36.3448266","127.4516597"
"hitahJ","2020-07-24 06:29:22","36.3448245","127.4516629"
"hitahJ","2020-07-24 06:31:23","36.3448257","127.4516626"
"hitahJ","2020-07-24 06:32:24","36.3448297","127.4516542"
"hitahJ","2020-07-24 06:33:24","36.3448271","127.4516602"
"hitahJ","2020-07-24 06:34:26","36.3448262","127.4516611"
"hitahJ","2020-07-24 06:35:27","36.3448274","127.4516606"
"hitahJ","2020-07-24 06:36:28","36.3448257","127.4516598"
"hitahJ","2020-07-24 06:37:29","36.3448247","127.4516618"
"hitahJ","2020-07-24 06:38:30","36.344828","127.4516538"
"hitahJ","2020-07-24 06:39:31","36.3448281","127.4516605"
"hitahJ","2020-07-24 06:40:31","36.344826","127.4516589"
"hitahJ","2020-07-24 06:41:32","36.3448292","127.4516576"
"hitahJ","2020-07-24 06:42:33","36.3448242","127.4516616"
"hitahJ","2020-07-24 06:43:34","36.3448248","127.4516601"
"hitahJ","2020-07-24 06:44:35","36.3448248","127.4516594"
"hitahJ","2020-07-24 06:45:36","36.3448254","127.4516606"
"hitahJ","2020-07-24 06:46:37","36.3448272","127.4516566"
"hitahJ","2020-07-24 06:47:39","36.3448279","127.4516604"
"hitahJ","2020-07-24 06:48:40","36.3448273","127.4516593"
"hitahJ","2020-07-24 06:49:41","36.3448279","127.4516577"
"hitahJ","2020-07-24 06:50:42","36.3448279","127.4516611"
"hitahJ","2020-07-24 06:51:43","36.3448256","127.4516618"
"hitahJ","2020-07-24 06:52:45","36.3448266","127.4516597"
"hitahJ","2020-07-24 06:53:46","36.344827","127.4516589"
"hitahJ","2020-07-24 06:57:44","36.3448265","127.4516568"
"hitahJ","2020-07-24 06:59:42","36.3448267","127.4516597"
"hitahJ","2020-07-24 07:01:02","36.3447981","127.4516326"
"hitahJ","2020-07-24 07:02:02","36.3448012","127.4516408"
"hitahJ","2020-07-24 07:03:04","36.3448013","127.4516387"
"hitahJ","2020-07-24 07:04:04","36.3448027","127.4516371"
"hitahJ","2020-07-24 07:06:51","36.3447971","127.4516332"
"hitahJ","2020-07-24 07:07:04","36.3447977","127.4516339"
"hitahJ","2020-07-24 07:08:04","36.3447987","127.4516353"
"hitahJ","2020-07-24 07:09:04","36.3448021","127.4516385"
"hitahJ","2020-07-24 07:10:04","36.3447985","127.4516344"
"hitahJ","2020-07-24 07:11:04","36.3447981","127.451634"
"hitahJ","2020-07-24 07:12:05","36.3447987","127.4516347"
"hitahJ","2020-07-24 07:13:04","36.3448004","127.4516368"
"hitahJ","2020-07-24 07:14:04","36.3447988","127.4516353"
"hitahJ","2020-07-24 07:15:04","36.3448011","127.4516397"
"hitahJ","2020-07-24 07:16:04","36.3448027","127.4516399"
"hitahJ","2020-07-24 07:17:04","36.3447979","127.4516342"
"hitahJ","2020-07-24 07:18:04","36.3447999","127.4516347"
"hitahJ","2020-07-24 07:19:05","36.3448014","127.4516375"
"hitahJ","2020-07-24 07:20:11","36.3447972","127.4516341"
"hitahJ","2020-07-24 07:21:14","36.3448009","127.4516366"
"hitahJ","2020-07-24 07:22:14","36.3448009","127.4516375"
"hitahJ","2020-07-24 07:23:16","36.3447974","127.451633"
"hitahJ","2020-07-24 07:24:17","36.3448036","127.4516428"
"hitahJ","2020-07-24 07:25:18","36.3448013","127.451639"
"hitahJ","2020-07-24 07:26:19","36.3447986","127.4516334"
"hitahJ","2020-07-24 07:27:21","36.3447986","127.4516336"
"hitahJ","2020-07-24 07:28:22","36.3447996","127.4516354"
"hitahJ","2020-07-24 07:29:23","36.3447981","127.4516292"
"hitahJ","2020-07-24 07:31:25","36.3447957","127.4516311"
"hitahJ","2020-07-24 07:32:27","36.3448002","127.4516355"
"hitahJ","2020-07-24 07:33:29","36.344799","127.4516347"
"hitahJ","2020-07-24 07:34:31","36.3447975","127.4516323"
"hitahJ","2020-07-24 07:35:33","36.3447992","127.4516383"
"hitahJ","2020-07-24 07:36:35","36.3447999","127.4516346"
"hitahJ","2020-07-24 07:37:37","36.3448016","127.4516363"
"hitahJ","2020-07-24 07:38:38","36.3448042","127.4516412"
"hitahJ","2020-07-24 07:39:39","36.3448065","127.4516492"
"hitahJ","2020-07-24 07:40:39","36.3447997","127.4516417"
"hitahJ","2020-07-24 07:41:41","36.3447989","127.4516412"
"hitahJ","2020-07-24 07:42:43","36.3447995","127.4516415"
"hitahJ","2020-07-24 07:43:45","36.3448018","127.4516405"
"hitahJ","2020-07-24 07:44:47","36.3447984","127.4516398"
"hitahJ","2020-07-24 07:45:53","36.3447968","127.4516394"
"hitahJ","2020-07-24 07:46:51","36.3448012","127.451636"
"hitahJ","2020-07-24 07:47:57","36.3448005","127.4516398"
"hitahJ","2020-07-24 07:48:59","36.3448019","127.4516431"
"hitahJ","2020-07-24 07:50:00","36.3448023","127.4516386"
"hitahJ","2020-07-24 07:51:01","36.3447996","127.4516409"
"hitahJ","2020-07-24 07:52:02","36.3447997","127.451641"
"hitahJ","2020-07-24 07:53:04","36.3448025","127.4516392"
"hitahJ","2020-07-24 07:54:04","36.3447999","127.4516359"
"hitahJ","2020-07-24 07:55:04","36.3448013","127.4516429"
"hitahJ","2020-07-24 07:56:05","36.3448022","127.4516409"
"hitahJ","2020-07-24 07:57:04","36.3447993","127.451641"
"hitahJ","2020-07-24 07:58:04","36.3447983","127.4516404"
"hitahJ","2020-07-24 07:59:04","36.3447988","127.4516409"
"hitahJ","2020-07-24 08:01:46","36.3448013","127.4516392"
"hitahJ","2020-07-24 08:02:45","36.3448003","127.4516368"
"hitahJ","2020-07-24 08:03:46","36.3447984","127.4516403"
"hitahJ","2020-07-24 08:04:47","36.3448345","127.4516632"
"hitahJ","2020-07-24 08:06:01","36.3447975","127.4516398"
"hitahJ","2020-07-24 08:07:01","36.3447979","127.4516407"
"hitahJ","2020-07-24 08:07:06","36.3447979","127.4516407"
"hitahJ","2020-07-24 08:08:01","36.3447991","127.45164"
"hitahJ","2020-07-24 08:08:59","36.3448009","127.4516354"
"hitahJ","2020-07-24 08:10:00","36.3448007","127.4516359"
"hitahJ","2020-07-24 08:11:06","36.3448007","127.4516422"
"hitahJ","2020-07-24 08:12:04","36.3448064","127.4516422"
"hitahJ","2020-07-24 08:13:03","36.3448029","127.4516444"
"hitahJ","2020-07-24 08:13:08","36.3448029","127.4516444"
"hitahJ","2020-07-24 08:14:04","36.3448308","127.4516633"
"hitahJ","2020-07-24 08:15:33","36.344801","127.4516389"
"hitahJ","2020-07-24 08:17:04","36.3448005","127.4516417"
"hitahJ","2020-07-24 08:18:04","36.3448017","127.4516428"
"hitahJ","2020-07-24 08:19:09","36.3448026","127.4516445"
"hitahJ","2020-07-24 08:20:05","36.3448305","127.4516625"
"hitahJ","2020-07-24 08:21:05","36.3448006","127.4516426"
"hitahJ","2020-07-24 08:22:05","36.344801","127.451644"
"hitahJ","2020-07-24 08:23:05","36.3448011","127.4516429"
"hitahJ","2020-07-24 08:24:05","36.3448044","127.4516414"
"hitahJ","2020-07-24 08:26:07","36.3448026","127.4516478"
"hitahJ","2020-07-24 08:27:05","36.3447988","127.4516419"
"hitahJ","2020-07-24 08:28:05","36.3448008","127.4516417"
"hitahJ","2020-07-24 08:29:05","36.344801","127.4516439"
"hitahJ","2020-07-24 08:30:15","36.3448042","127.4516482"
"hitahJ","2020-07-24 08:31:22","36.3448039","127.4516487"
"hitahJ","2020-07-24 08:32:05","36.3448016","127.4516435"
"hitahJ","2020-07-24 08:33:05","36.3448033","127.4516444"
"hitahJ","2020-07-24 08:34:05","36.3448026","127.4516472"
"hitahJ","2020-07-24 08:35:12","36.3448134","127.4516527"
"hitahJ","2020-07-24 08:36:14","36.3448005","127.4516417"
"hitahJ","2020-07-24 08:37:19","36.3448036","127.4516491"
"hitahJ","2020-07-24 08:38:17","36.3448005","127.4516475"
"hitahJ","2020-07-24 08:39:17","36.3448052","127.4516528"
"hitahJ","2020-07-24 08:40:18","36.3448075","127.4516475"
"hitahJ","2020-07-24 08:41:20","36.3447991","127.4516425"
"hitahJ","2020-07-24 08:42:29","36.3448083","127.451646"
"hitahJ","2020-07-24 08:43:36","36.3447994","127.4516393"
"hitahJ","2020-07-24 08:44:24","36.3448001","127.4516416"
"hitahJ","2020-07-24 08:45:26","36.3448019","127.4516418"
"hitahJ","2020-07-24 08:47:01","36.3447988","127.4516426"
"hitahJ","2020-07-24 08:47:29","36.3447993","127.4516442"
"hitahJ","2020-07-24 08:48:30","36.3448042","127.4516408"
"hitahJ","2020-07-24 08:49:31","36.3448016","127.451645"
"hitahJ","2020-07-24 08:50:32","36.3448087","127.4516521"
"hitahJ","2020-07-24 08:52:34","36.3448087","127.4516521"
"hitahJ","2020-07-24 08:52:34","36.3448013","127.4516406"
"hitahJ","2020-07-24 08:52:36","36.3448","127.4516454"
"hitahJ","2020-07-24 08:53:38","36.3448004","127.4516447"
"hitahJ","2020-07-24 08:53:48","36.3448004","127.4516447"
"hitahJ","2020-07-24 08:54:54","36.3447977","127.4516461"
"hitahJ","2020-07-24 08:56:10","36.3447987","127.4516456"
"hitahJ","2020-07-24 08:56:42","36.3448006","127.4516437"
"hitahJ","2020-07-24 08:58:03","36.3448015","127.4516432"
"hitahJ","2020-07-24 08:58:50","36.3448007","127.451642"
"hitahJ","2020-07-24 08:59:51","36.3448027","127.4516472"
"hitahJ","2020-07-24 09:01:01","36.3447988","127.4516444"
"hitahJ","2020-07-24 09:01:53","36.3447983","127.4516441"
"hitahJ","2020-07-24 09:03:00","36.3448011","127.4516373"
"hitahJ","2020-07-24 09:04:01","36.3447965","127.4516432"
"hitahJ","2020-07-24 09:05:02","36.3447977","127.4516442"
"hitahJ","2020-07-24 09:06:03","36.344797","127.4516435"
"hitahJ","2020-07-24 09:07:03","36.3447967","127.4516453"
"hitahJ","2020-07-24 09:08:03","36.3447979","127.4516404"
"hitahJ","2020-07-24 09:09:03","36.3447975","127.4516409"
"hitahJ","2020-07-24 09:10:04","36.3448004","127.4516388"
"hitahJ","2020-07-24 09:11:05","36.3448004","127.4516385"
"hitahJ","2020-07-24 09:12:05","36.3447976","127.4516408"
"hitahJ","2020-07-24 09:13:04","36.3447992","127.4516388"
"hitahJ","2020-07-24 09:14:04","36.3447954","127.4516355"
"hitahJ","2020-07-24 09:16:05","36.3447981","127.4516405"
"hitahJ","2020-07-24 09:17:05","36.3447968","127.4516405"
"hitahJ","2020-07-24 09:18:04","36.3447955","127.4516383"
"hitahJ","2020-07-24 09:19:11","36.3447955","127.4516427"
"hitahJ","2020-07-24 09:20:16","36.3447948","127.4516363"
"hitahJ","2020-07-24 09:21:18","36.3447984","127.4516351"
"hitahJ","2020-07-24 09:22:20","36.3448016","127.4516399"
"hitahJ","2020-07-24 09:23:22","36.3448008","127.451639"
"hitahJ","2020-07-24 09:24:24","36.3447971","127.4516414"
"hitahJ","2020-07-24 09:25:26","36.3447971","127.451633"
"hitahJ","2020-07-24 09:26:28","36.3448","127.4516409"
"hitahJ","2020-07-24 09:27:29","36.3447986","127.451643"
"hitahJ","2020-07-24 09:28:30","36.3447992","127.4516415"
"hitahJ","2020-07-24 09:29:31","36.3447976","127.4516337"
"hitahJ","2020-07-24 09:30:33","36.3448006","127.4516413"
"hitahJ","2020-07-24 09:31:35","36.3447973","127.4516421"
"hitahJ","2020-07-24 09:32:36","36.3447957","127.4516409"
"hitahJ","2020-07-24 09:33:38","36.3447988","127.4516449"
"hitahJ","2020-07-24 09:34:44","36.3447985","127.4516463"
"hitahJ","2020-07-24 09:35:45","36.344809","127.4516481"
"hitahJ","2020-07-24 09:36:45","36.3447992","127.4516445"
"hitahJ","2020-07-24 09:37:47","36.3448017","127.451644"
"hitahJ","2020-07-24 09:38:48","36.344802","127.4516459"
"hitahJ","2020-07-24 09:39:48","36.3447997","127.4516473"
"hitahJ","2020-07-24 09:40:49","36.3448388","127.4516615"
"hitahJ","2020-07-24 09:41:49","36.3448016","127.4516455"
"hitahJ","2020-07-24 09:42:51","36.3447981","127.4516431"
"hitahJ","2020-07-24 09:43:52","36.3447986","127.4516438"
"hitahJ","2020-07-24 09:44:54","36.3448333","127.4516632"
"hitahJ","2020-07-24 09:45:55","36.3448011","127.4516443"
"hitahJ","2020-07-24 09:46:57","36.3448018","127.4516458"
"hitahJ","2020-07-24 09:47:59","36.3448023","127.4516441"
"hitahJ","2020-07-24 09:49:00","36.3447995","127.4516478"
"hitahJ","2020-07-24 09:50:01","36.3447991","127.4516427"
"hitahJ","2020-07-24 09:51:02","36.3447961","127.451641"
"hitahJ","2020-07-24 09:52:03","36.3447997","127.4516433"
"hitahJ","2020-07-24 09:53:07","36.344801","127.4516456"
"hitahJ","2020-07-24 09:54:08","36.3448014","127.4516436"
"hitahJ","2020-07-24 09:55:10","36.3448347","127.4516721"
"hitahJ","2020-07-24 09:56:10","36.3448034","127.4516431"
"hitahJ","2020-07-24 09:57:12","36.3448011","127.4516439"
"hitahJ","2020-07-24 09:58:14","36.3447999","127.4516433"
"hitahJ","2020-07-24 09:59:31","36.3448008","127.4516408"
"hitahJ","2020-07-24 10:01:28","36.3447984","127.4516329"
"hitahJ","2020-07-24 10:02:58","36.3448001","127.4516355"
"hitahJ","2020-07-24 10:03:59","36.3448021","127.4516372"
"hitahJ","2020-07-24 10:05:02","36.3447989","127.4516343"
"hitahJ","2020-07-24 10:06:03","36.3448023","127.4516386"
"hitahJ","2020-07-24 10:07:04","36.3448005","127.4516352"
"hitahJ","2020-07-24 10:08:04","36.3448004","127.4516409"
"hitahJ","2020-07-24 10:09:04","36.3448012","127.4516432"
"hitahJ","2020-07-24 10:10:04","36.3448034","127.4516443"
"hitahJ","2020-07-24 10:11:04","36.3447993","127.4516423"
"hitahJ","2020-07-24 10:12:04","36.3448033","127.4516448"
"hitahJ","2020-07-24 10:13:04","36.3448011","127.4516431"
"hitahJ","2020-07-24 10:14:04","36.3448015","127.4516417"
"hitahJ","2020-07-24 10:15:09","36.3448007","127.4516422"
"hitahJ","2020-07-24 10:17:11","36.3447993","127.451636"
"hitahJ","2020-07-24 10:18:11","36.3448021","127.4516431"
"hitahJ","2020-07-24 10:19:12","36.3448014","127.4516374"
"hitahJ","2020-07-24 10:20:14","36.3447997","127.4516393"
"hitahJ","2020-07-24 10:21:16","36.3447999","127.4516349"
"hitahJ","2020-07-24 10:22:21","36.3448001","127.4516361"
"hitahJ","2020-07-24 10:23:23","36.344799","127.4516345"
"hitahJ","2020-07-24 10:24:24","36.3448025","127.4516411"
"hitahJ","2020-07-24 10:25:24","36.3448","127.4516352"
"hitahJ","2020-07-24 10:26:25","36.3448032","127.4516369"
"hitahJ","2020-07-24 10:28:27","36.3448005","127.4516359"
"hitahJ","2020-07-24 10:29:28","36.3447992","127.451634"
"hitahJ","2020-07-24 10:30:29","36.3447981","127.4516343"
"hitahJ","2020-07-24 10:31:29","36.3448034","127.4516387"
"hitahJ","2020-07-24 10:32:32","36.3448","127.4516262"
"hitahJ","2020-07-24 10:33:33","36.344799","127.4516333"
"hitahJ","2020-07-24 10:34:35","36.344793","127.4516304"
"hitahJ","2020-07-24 10:35:36","36.344801","127.4516405"
"hitahJ","2020-07-24 10:36:38","36.3447968","127.4516285"
"hitahJ","2020-07-24 10:37:39","36.3447994","127.4516331"
"hitahJ","2020-07-24 10:38:40","36.3447978","127.4516304"
"hitahJ","2020-07-24 10:39:40","36.3447996","127.4516326"
"hitahJ","2020-07-24 10:40:41","36.3447982","127.4516301"
"hitahJ","2020-07-24 10:41:43","36.3447955","127.4516278"
"hitahJ","2020-07-24 10:43:44","36.3447938","127.451631"
"hitahJ","2020-07-24 10:44:46","36.3447976","127.4516282"
"hitahJ","2020-07-24 10:45:47","36.3448001","127.4516298"
"hitahJ","2020-07-24 10:46:49","36.3447985","127.4516291"
"hitahJ","2020-07-24 10:47:56","36.3447996","127.4516284"
"hitahJ","2020-07-24 10:48:57","36.3448005","127.4516296"
"hitahJ","2020-07-24 10:49:58","36.3447991","127.4516299"
"hitahJ","2020-07-24 10:50:58","36.3448026","127.4516368"
"hitahJ","2020-07-24 10:52:00","36.3447979","127.4516319"
"hitahJ","2020-07-24 10:53:01","36.3448007","127.4516295"
"hitahJ","2020-07-24 10:54:01","36.3448002","127.4516294"
"hitahJ","2020-07-24 10:55:03","36.3448022","127.4516358"
"hitahJ","2020-07-24 10:56:10","36.3447997","127.4516291"
"hitahJ","2020-07-24 10:57:12","36.3448008","127.4516344"
"hitahJ","2020-07-24 10:58:14","36.3448012","127.4516352"
"hitahJ","2020-07-24 10:59:16","36.3448023","127.4516372"
"hitahJ","2020-07-24 11:00:18","36.3448026","127.4516368"
"hitahJ","2020-07-24 11:01:20","36.3447998","127.4516407"
"hitahJ","2020-07-24 11:02:20","36.3448024","127.4516365"
"hitahJ","2020-07-24 11:03:22","36.3448025","127.4516374"
"hitahJ","2020-07-24 11:08:04","36.3448","127.4516313"
"hitahJ","2020-07-24 11:09:16","36.3448006","127.4516443"
"hitahJ","2020-07-24 11:10:17","36.3447985","127.4516313"
"hitahJ","2020-07-24 11:11:17","36.3448417","127.4516694"
"hitahJ","2020-07-24 11:12:20","36.3448006","127.4516379"
"hitahJ","2020-07-24 11:13:20","36.3448411","127.4516635"
"hitahJ","2020-07-24 11:14:23","36.344802","127.4516369"
"hitahJ","2020-07-24 11:15:24","36.3448026","127.4516357"
"hitahJ","2020-07-24 11:16:25","36.3448028","127.451642"
"hitahJ","2020-07-24 11:17:27","36.3448014","127.4516421"
"hitahJ","2020-07-24 11:18:28","36.3448026","127.4516364"
"hitahJ","2020-07-24 11:19:28","36.3448023","127.451636"
"hitahJ","2020-07-24 11:20:31","36.3448032","127.4516414"
"hitahJ","2020-07-24 11:21:32","36.3448006","127.4516375"
"hitahJ","2020-07-24 11:22:33","36.3448021","127.451636"
"hitahJ","2020-07-24 11:23:34","36.3447991","127.4516352"
"hitahJ","2020-07-24 11:24:36","36.3448001","127.451637"
"hitahJ","2020-07-24 11:25:38","36.3447976","127.4516351"
"hitahJ","2020-07-24 11:26:38","36.3448313","127.4516664"
"hitahJ","2020-07-24 11:27:40","36.3448028","127.4516382"
"hitahJ","2020-07-24 11:28:41","36.3447999","127.4516349"
"hitahJ","2020-07-24 11:29:43","36.3447992","127.4516373"
"hitahJ","2020-07-24 11:30:45","36.3448498","127.4516845"
"hitahJ","2020-07-24 11:31:45","36.3448021","127.4516363"
"hitahJ","2020-07-24 11:32:46","36.3447998","127.4516383"
"hitahJ","2020-07-24 11:33:48","36.3447998","127.451632"
"hitahJ","2020-07-24 11:34:48","36.3447997","127.4516378"
"hitahJ","2020-07-24 11:35:49","36.3448022","127.4516372"
"hitahJ","2020-07-24 11:36:51","36.3448015","127.4516378"
"hitahJ","2020-07-24 11:37:57","36.3448021","127.4516371"
"hitahJ","2020-07-24 11:38:57","36.3448074","127.4516428"
"hitahJ","2020-07-24 11:39:59","36.344802","127.4516373"
"hitahJ","2020-07-24 11:40:59","36.3448025","127.4516375"
"hitahJ","2020-07-24 11:42:10","36.3448014","127.4516371"
"hitahJ","2020-07-24 11:43:50","36.3448313","127.4516623"
"hitahJ","2020-07-24 11:44:50","36.3448011","127.4516377"
"hitahJ","2020-07-24 11:45:51","36.3448024","127.4516405"
"hitahJ","2020-07-24 11:46:52","36.3448003","127.4516365"
"hitahJ","2020-07-24 11:47:55","36.3448008","127.451638"
"hitahJ","2020-07-24 11:48:57","36.3448013","127.4516379"
"hitahJ","2020-07-24 11:49:57","36.3448219","127.4516571"
"hitahJ","2020-07-24 11:50:57","36.3447993","127.4516354"
"hitahJ","2020-07-24 11:51:59","36.3447981","127.4516337"
"hitahJ","2020-07-24 11:53:00","36.3448007","127.451635"
"hitahJ","2020-07-24 11:54:00","36.3448338","127.4516591"
"hitahJ","2020-07-24 11:55:01","36.3448022","127.4516361"
"hitahJ","2020-07-24 11:56:01","36.3448021","127.451636"
"hitahJ","2020-07-24 11:57:03","36.3447988","127.4516344"
"hitahJ","2020-07-24 11:58:04","36.3448012","127.4516357"
"hitahJ","2020-07-24 12:00:04","36.3448016","127.4516355"
"hitahJ","2020-07-24 12:01:04","36.3448009","127.4516347"
"hitahJ","2020-07-24 12:02:04","36.3447992","127.4516356"
"hitahJ","2020-07-24 12:03:04","36.3447989","127.4516305"
"hitahJ","2020-07-24 12:04:04","36.3447943","127.4516271"
"hitahJ","2020-07-24 12:05:11","36.3447986","127.4516365"
"hitahJ","2020-07-24 12:06:13","36.344799","127.451635"
"hitahJ","2020-07-24 12:07:14","36.3447999","127.4516327"
"hitahJ","2020-07-24 12:09:17","36.3447994","127.45164"
"hitahJ","2020-07-24 12:10:18","36.3447972","127.4516374"
"hitahJ","2020-07-24 12:11:20","36.3447993","127.4516423"
"hitahJ","2020-07-24 12:13:22","36.3448013","127.4516405"
"hitahJ","2020-07-24 12:14:23","36.3447968","127.4516392"
"hitahJ","2020-07-24 12:15:23","36.3448004","127.451639"
"hitahJ","2020-07-24 12:16:23","36.3447971","127.4516407"
"hitahJ","2020-07-24 12:18:25","36.3447944","127.4516379"
"hitahJ","2020-07-24 12:19:24","36.3447979","127.4516428"
"hitahJ","2020-07-24 12:20:26","36.3447948","127.4516372"
"hitahJ","2020-07-24 12:21:29","36.3447984","127.4516402"
"hitahJ","2020-07-24 12:22:30","36.3448005","127.4516357"
"hitahJ","2020-07-24 12:23:31","36.3447987","127.4516346"
"hitahJ","2020-07-24 12:24:32","36.3447967","127.4516386"
"hitahJ","2020-07-24 12:25:32","36.3447995","127.4516363"
"hitahJ","2020-07-24 12:26:34","36.3447993","127.4516401"
"hitahJ","2020-07-24 12:27:36","36.3448003","127.4516376"
"hitahJ","2020-07-24 12:28:37","36.3448026","127.4516379"
"hitahJ","2020-07-24 12:29:38","36.3448016","127.4516402"
"hitahJ","2020-07-24 12:30:39","36.3447973","127.4516406"
"hitahJ","2020-07-24 12:31:42","36.3447996","127.4516414"
"hitahJ","2020-07-24 12:32:44","36.3448004","127.4516405"
"hitahJ","2020-07-24 12:33:44","36.3447968","127.4516405"
"hitahJ","2020-07-24 12:34:46","36.3448006","127.451635"
"hitahJ","2020-07-24 12:35:47","36.3448","127.4516396"
"hitahJ","2020-07-24 12:36:48","36.3448026","127.4516393"
"hitahJ","2020-07-24 12:37:55","36.3448","127.4516369"
"hitahJ","2020-07-24 12:38:57","36.3448008","127.45164"
"hitahJ","2020-07-24 12:39:58","36.3447988","127.4516357"
"hitahJ","2020-07-24 12:40:59","36.3447987","127.4516427"
"hitahJ","2020-07-24 12:42:00","36.3447989","127.4516416"
"hitahJ","2020-07-24 12:43:02","36.3448018","127.4516399"
"hitahJ","2020-07-24 12:44:01","36.3447994","127.4516401"
"hitahJ","2020-07-24 12:45:02","36.3448012","127.4516398"
"hitahJ","2020-07-24 12:46:03","36.3448013","127.4516393"
"hitahJ","2020-07-24 12:47:02","36.3447991","127.4516418"
"hitahJ","2020-07-24 12:48:03","36.3447962","127.4516364"
"hitahJ","2020-07-24 12:49:03","36.3448007","127.4516389"
"hitahJ","2020-07-24 12:50:03","36.3448013","127.4516385"
"hitahJ","2020-07-24 12:51:04","36.3447999","127.4516358"
"hitahJ","2020-07-24 12:53:00","36.3447964","127.4516413"
"hitahJ","2020-07-24 12:54:00","36.3448015","127.4516298"
"hitahJ","2020-07-24 12:55:01","36.3447978","127.4516402"
"hitahJ","2020-07-24 12:56:03","36.3448019","127.45163"
"hitahJ","2020-07-24 12:57:03","36.344797","127.4516403"
"hitahJ","2020-07-24 12:58:03","36.344799","127.4516344"
"hitahJ","2020-07-24 13:00:09","36.3447963","127.4516399"
"hitahJ","2020-07-24 13:01:11","36.3448003","127.4516429"
"hitahJ","2020-07-24 13:02:14","36.3447983","127.4516402"
"hitahJ","2020-07-24 13:03:15","36.3447965","127.4516403"
"hitahJ","2020-07-24 13:04:16","36.3447983","127.4516409"
"hitahJ","2020-07-24 13:05:17","36.3447949","127.4516389"
"hitahJ","2020-07-24 13:06:19","36.3448001","127.4516396"
"hitahJ","2020-07-24 13:07:21","36.3447996","127.4516348"
"hitahJ","2020-07-24 13:08:22","36.3447992","127.4516388"
"hitahJ","2020-07-24 13:09:24","36.3448006","127.4516365"
"hitahJ","2020-07-24 13:10:24","36.3448147","127.4516543"
"hitahJ","2020-07-24 13:11:29","36.3448232","127.4516538"
"hitahJ","2020-07-24 13:13:24","36.3448214","127.451651"
"hitahJ","2020-07-24 13:14:24","36.3448212","127.4516494"
"hitahJ","2020-07-24 13:15:24","36.3448066","127.451647"
"hitahJ","2020-07-24 13:16:24","36.3448206","127.4516557"
"hitahJ","2020-07-24 13:17:56","36.3448286","127.4516572"
"hitahJ","2020-07-24 13:18:40","36.3448095","127.4516445"
"hitahJ","2020-07-24 13:19:42","36.3448235","127.4516517"
"hitahJ","2020-07-24 13:20:42","36.3448278","127.4516607"
"hitahJ","2020-07-24 13:21:42","36.3448049","127.4516437"
"hitahJ","2020-07-24 13:23:42","36.3448216","127.4516506"
"hitahJ","2020-07-24 13:24:42","36.3448074","127.4516471"
"hitahJ","2020-07-24 13:25:42","36.3448316","127.4516574"
"hitahJ","2020-07-24 13:26:42","36.3448188","127.4516566"
"hitahJ","2020-07-24 13:28:43","36.3448293","127.4516609"
"hitahJ","2020-07-24 13:30:10","36.3448193","127.4516567"
"hitahJ","2020-07-24 13:31:30","36.3448055","127.451641"
"hitahJ","2020-07-24 13:33:12","36.3448193","127.4516563"
"hitahJ","2020-07-24 13:34:19","36.3448146","127.4516525"
"hitahJ","2020-07-24 13:35:26","36.344831","127.4516542"
"hitahJ","2020-07-24 13:36:55","36.3448094","127.451643"
"hitahJ","2020-07-24 13:38:02","36.3448274","127.4516594"
"hitahJ","2020-07-24 13:39:58","36.3448266","127.4516556"
"hitahJ","2020-07-24 13:40:58","36.3448229","127.4516573"
"hitahJ","2020-07-24 13:42:59","36.344813","127.4516407"
"hitahJ","2020-07-24 13:43:58","36.344814","127.4516415"
"hitahJ","2020-07-24 13:44:58","36.3448179","127.4516442"
"hitahJ","2020-07-24 13:45:59","36.3448192","127.4516458"
"hitahJ","2020-07-24 13:46:58","36.3448253","127.4516527"
"hitahJ","2020-07-24 13:47:58","36.3448128","127.4516502"
"hitahJ","2020-07-24 13:49:03","36.3448196","127.4516465"
"hitahJ","2020-07-24 13:50:03","36.3448153","127.4516453"
"hitahJ","2020-07-24 13:51:07","36.3448079","127.4516397"
"hitahJ","2020-07-24 13:52:07","36.3448132","127.4516486"
"hitahJ","2020-07-24 13:53:07","36.3448067","127.4516397"
"hitahJ","2020-07-24 13:55:08","36.3448062","127.451644"
"hitahJ","2020-07-24 13:56:08","36.3448046","127.4516419"
"hitahJ","2020-07-24 13:57:08","36.3448153","127.4516473"
"hitahJ","2020-07-24 13:58:30","36.3448222","127.4516535"
"hitahJ","2020-07-24 14:00:10","36.3448232","127.4516578"
"hitahJ","2020-07-24 14:02:10","36.3448257","127.4516602"
"hitahJ","2020-07-24 14:03:10","36.3448248","127.4516593"
"hitahJ","2020-07-24 14:04:43","36.3448079","127.4516451"
"hitahJ","2020-07-24 14:05:43","36.3448067","127.4516403"
"hitahJ","2020-07-24 14:06:43","36.3448068","127.4516418"
"hitahJ","2020-07-24 14:07:44","36.3448074","127.4516454"
"hitahJ","2020-07-24 14:09:27","36.3448005","127.4516424"
"hitahJ","2020-07-24 14:10:30","36.344826","127.4516558"
"hitahJ","2020-07-24 14:11:50","36.3448236","127.4516545"
"hitahJ","2020-07-24 14:12:50","36.3448216","127.4516545"
"hitahJ","2020-07-24 14:13:52","36.3448259","127.4516559"
"hitahJ","2020-07-24 14:14:52","36.3448158","127.4516427"
"hitahJ","2020-07-24 14:15:52","36.3448257","127.4516514"
"hitahJ","2020-07-24 14:16:52","36.3448199","127.4516533"
"hitahJ","2020-07-24 14:17:56","36.3448255","127.4516492"
"hitahJ","2020-07-24 14:18:55","36.3448051","127.4516369"
"hitahJ","2020-07-24 14:19:55","36.3447231","127.4518123"
"hitahJ","2020-07-24 14:21:34","36.3448443","127.4528539"
"hitahJ","2020-07-24 14:22:38","36.3434956","127.4501723"
"hitahJ","2020-07-24 14:24:00","36.3423946","127.4486096"
"hitahJ","2020-07-24 14:26:01","36.3375107","127.4478737"
"hitahJ","2020-07-24 14:27:02","36.336796","127.4473944"
"hitahJ","2020-07-24 14:28:07","36.3342112","127.4458714"
"hitahJ","2020-07-24 14:29:08","36.330864","127.4437906"
"hitahJ","2020-07-24 14:30:15","36.3287152","127.4404833"
"hitahJ","2020-07-24 14:31:17","36.3287958","127.4393996"
"hitahJ","2020-07-24 14:32:30","36.327222","127.434946"
"hitahJ","2020-07-24 14:33:58","36.3298095","127.433516"
"hitahJ","2020-07-24 14:35:39","36.3303792","127.4302026"
"hitahJ","2020-07-24 14:36:48","36.329779","127.4290425"
"hitahJ","2020-07-24 14:37:46","36.3297013","127.4290169"
"hitahJ","2020-07-24 14:38:57","36.3293492","127.4284766"
"hitahJ","2020-07-24 14:40:08","36.3283183","127.4284152"
"hitahJ","2020-07-24 14:41:43","36.3294648","127.4277099"
"hitahJ","2020-07-24 14:42:44","36.3294828","127.4277057"
"hitahJ","2020-07-24 14:43:47","36.3291199","127.4278501"
"hitahJ","2020-07-24 14:47:10","36.3304367","127.4307518"
"hitahJ","2020-07-24 14:48:10","36.3293433","127.4335296"
"hitahJ","2020-07-24 14:49:40","36.3280061","127.4345094"
"hitahJ","2020-07-24 14:50:52","36.3274812","127.4347074"
"hitahJ","2020-07-24 14:51:57","36.3280013","127.4382767"
"hitahJ","2020-07-24 14:52:58","36.3287708","127.4413299"
"hitahJ","2020-07-24 14:54:03","36.3291548","127.4423073"
"hitahJ","2020-07-24 14:55:03","36.3291509","127.4422866"
"hitahJ","2020-07-24 14:56:19","36.3329042","127.445152"
"hitahJ","2020-07-24 14:57:19","36.3352703","127.446599"
"hitahJ","2020-07-24 14:58:33","36.3378225","127.4492968"
"hitahJ","2020-07-24 15:00:11","36.3431254","127.4495112"
